จำนวนประชากรกลางปี จำแนกตามเพศ ภาค และจังหวัด (จากกระทรวงสาธารณสุข) พ.ศ. 2552 - 2561,,,,,,,,,,,,
หน่วย: คน ,,,,,,,,,,,,
ภาค,จังหวัด,เพศ,2552,2553,2554,2555,2556,2557,2558,2559,2560,2561
ทั่วราชอาณาจักร,ทั่วราชอาณาจักร,รวม,"63,457,439","63,701,703","64,181,001","64,266,365","64,621,302","64,955,313","65,027,401","65,013,495","65,204,797","65,406,320"
ทั่วราชอาณาจักร,ทั่วราชอาณาจักร,ชาย,"31,274,505","31,372,467","31,593,316","31,614,938","31,773,349","31,922,490","31,932,092","31,894,480","31,966,108","32,043,770"
ทั่วราชอาณาจักร,ทั่วราชอาณาจักร,หญิง,"32,182,934","32,329,236","32,587,685","32,651,427","32,847,953","33,032,823","33,095,309","33,119,015","33,238,689","33,362,550"
กรุงเทพมหานคร,กรุงเทพมหานคร,รวม,"5,706,739","5,701,995","5,688,119","5,674,202","5,679,906","5,689,268","5,648,978","5,598,873","5,586,320","5,575,104"
กรุงเทพมหานคร,กรุงเทพมหานคร,ชาย,"2,717,924","2,711,552","2,701,261","2,691,854","2,692,838","2,695,220","2,670,160","2,640,115","2,631,290","2,624,056"
กรุงเทพมหานคร,กรุงเทพมหานคร,หญิง,"2,988,815","2,990,443","2,986,858","2,982,348","2,987,068","2,994,048","2,978,818","2,958,758","2,955,030","2,951,048"
ภาคกลาง,ภาคกลาง,รวม,"15,679,262","15,832,323","15,991,127","16,141,516","16,294,887","16,449,447","16,533,566","16,590,292","16,707,028","16,829,185"
ภาคกลาง,ภาคกลาง,ชาย,"7,661,301","7,728,938","7,800,838","7,868,275","7,938,307","8,009,467","8,042,916","8,062,058","8,113,480","8,169,201"
ภาคกลาง,ภาคกลาง,หญิง,"8,017,961","8,103,385","8,190,289","8,273,241","8,356,580","8,439,980","8,490,650","8,528,234","8,593,548","8,659,984"
ภาคกลาง,สมุทรปราการ,รวม,"1,155,665","1,174,643","1,194,202","1,213,262","1,232,457","1,251,570","1,263,904","1,272,447","1,286,150","1,300,830"
ภาคกลาง,สมุทรปราการ,ชาย,"559,376","567,510","576,003","584,451","592,860","601,223","606,228","609,357","615,192","621,624"
ภาคกลาง,สมุทรปราการ,หญิง,"596,289","607,133","618,199","628,811","639,597","650,347","657,676","663,090","670,958","679,206"
ภาคกลาง,นนทบุรี,รวม,"1,065,332","1,089,908","1,112,185","1,132,150","1,148,973","1,165,070","1,180,178","1,195,218","1,212,349","1,228,649"
ภาคกลาง,นนทบุรี,ชาย,"502,465","513,067","522,715","531,490","538,954","546,068","552,535","558,777","566,033","573,008"
ภาคกลาง,นนทบุรี,หญิง,"562,867","576,841","589,470","600,660","610,019","619,002","627,643","636,441","646,316","655,641"
ภาคกลาง,ปทุมธานี,รวม,"942,813","971,010","998,271","1,022,367","1,043,498","1,063,608","1,081,026","1,096,050","1,112,513","1,129,006"
ภาคกลาง,ปทุมธานี,ชาย,"449,386","462,308","474,751","485,795","495,867","505,435","513,376","520,213","527,747","535,155"
ภาคกลาง,ปทุมธานี,หญิง,"493,427","508,702","523,520","536,572","547,631","558,173","567,650","575,837","584,766","593,851"
ภาคกลาง,พระนครศรีอยุธยา,รวม,"772,142","778,627","784,875","790,581","795,740","800,785","805,124","807,606","810,232","813,622"
ภาคกลาง,พระนครศรีอยุธยา,ชาย,"373,081","376,219","379,072","381,626","383,927","386,223","388,033","388,974","390,226","391,742"
ภาคกลาง,พระนครศรีอยุธยา,หญิง,"399,061","402,408","405,803","408,955","411,813","414,562","417,091","418,632","420,006","421,880"
ภาคกลาง,อ่างทอง,รวม,"284,819","284,889","284,516","283,972","283,807","283,650","283,205","282,448","281,432","280,621"
ภาคกลาง,อ่างทอง,ชาย,"137,008","136,895","136,590","136,278","136,219","136,219","135,975","135,496","134,947","134,519"
ภาคกลาง,อ่างทอง,หญิง,"147,811","147,994","147,926","147,694","147,588","147,431","147,230","146,952","146,485","146,102"
ภาคกลาง,ลพบุรี,รวม,"754,127","755,153","755,991","757,093","758,015","758,188","758,046","756,980","756,166","756,711"
ภาคกลาง,ลพบุรี,ชาย,"378,493","378,950","379,588","380,213","380,464","380,423","380,256","379,566","379,048","379,626"
ภาคกลาง,ลพบุรี,หญิง,"375,634","376,203","376,403","376,880","377,551","377,765","377,790","377,414","377,118","377,085"
ภาคกลาง,สิงห์บุรี,รวม,"215,426","214,981","214,124","213,402","212,953","212,424","211,667","210,748","210,063","209,444"
ภาคกลาง,สิงห์บุรี,ชาย,"103,056","102,800","102,269","101,838","101,564","101,283","100,946","100,471","100,105","99,745"
ภาคกลาง,สิงห์บุรี,หญิง,"112,370","112,181","111,855","111,564","111,389","111,141","110,721","110,277","109,958","109,699"
ภาคกลาง,ชัยนาท,รวม,"335,686","335,177","334,096","333,214","332,971","332,526","331,816","330,732","329,750","328,648"
ภาคกลาง,ชัยนาท,ชาย,"162,220","161,898","161,302","160,827","160,656","160,422","160,008","159,355","158,798","158,180"
ภาคกลาง,ชัยนาท,หญิง,"173,466","173,279","172,794","172,387","172,315","172,104","171,808","171,377","170,952","170,468"
ภาคกลาง,สระบุรี,รวม,"617,174","615,046","618,919","623,071","627,452","631,339","632,558","632,798","634,867","637,223"
ภาคกลาง,สระบุรี,ชาย,"305,794","304,398","306,229","308,417","310,611","312,330","312,598","312,329","312,978","313,991"
ภาคกลาง,สระบุรี,หญิง,"311,380","310,648","312,690","314,654","316,841","319,009","319,960","320,469","321,889","323,232"
ภาคกลาง,ชลบุรี,รวม,"1,277,139","1,302,942","1,327,475","1,351,329","1,377,178","1,405,889","1,431,104","1,454,059","1,479,401","1,503,563"
ภาคกลาง,ชลบุรี,ชาย,"626,707","639,311","651,402","662,640","675,072","688,718","700,223","711,032","723,098","734,335"
ภาคกลาง,ชลบุรี,หญิง,"650,432","663,631","676,073","688,689","702,106","717,171","730,881","743,027","756,303","769,228"
ภาคกลาง,ระยอง,รวม,"605,380","619,249","632,069","643,506","655,248","667,807","679,397","689,673","700,069","710,811"
ภาคกลาง,ระยอง,ชาย,"298,706","305,501","311,703","317,131","322,752","328,944","334,471","338,986","343,793","348,945"
ภาคกลาง,ระยอง,หญิง,"306,674","313,748","320,366","326,375","332,496","338,863","344,926","350,687","356,276","361,866"
ภาคกลาง,จันทบุรี,รวม,"509,633","512,932","515,736","519,333","523,036","525,805","528,034","529,331","530,815","532,526"
ภาคกลาง,จันทบุรี,ชาย,"251,414","252,924","254,067","255,603","257,237","258,412","259,215","259,582","260,126","260,753"
ภาคกลาง,จันทบุรี,หญิง,"258,219","260,008","261,669","263,730","265,799","267,393","268,819","269,749","270,689","271,773"
ภาคกลาง,ตราด,รวม,"220,918","220,465","221,467","222,434","223,433","224,370","221,824","218,923","219,253","219,819"
ภาคกลาง,ตราด,ชาย,"110,790","110,271","110,615","111,018","111,507","111,917","110,565","109,032","109,078","109,184"
ภาคกลาง,ตราด,หญิง,"110,128","110,194","110,852","111,416","111,926","112,453","111,259","109,891","110,175","110,635"
ภาคกลาง,ฉะเชิงเทรา,รวม,"666,907","671,458","676,652","682,545","687,973","692,852","696,837","699,802","703,968","708,894"
ภาคกลาง,ฉะเชิงเทรา,ชาย,"327,332","329,510","331,934","334,567","337,054","339,545","341,673","342,986","344,905","347,475"
ภาคกลาง,ฉะเชิงเทรา,หญิง,"339,575","341,948","344,718","347,978","350,919","353,307","355,164","356,816","359,063","361,419"
ภาคกลาง,ปราจีนบุรี,รวม,"460,617","464,213","468,113","471,711","474,969","477,740","480,455","482,887","485,493","488,790"
ภาคกลาง,ปราจีนบุรี,ชาย,"228,598","230,313","232,149","233,827","235,386","236,623","237,812","238,973","240,260","242,003"
ภาคกลาง,ปราจีนบุรี,หญิง,"232,019","233,900","235,964","237,884","239,583","241,117","242,643","243,914","245,233","246,787"
ภาคกลาง,นครนายก,รวม,"251,219","252,209","253,283","254,502","255,629","256,692","257,611","257,757","258,019","258,673"
ภาคกลาง,นครนายก,ชาย,"124,278","124,828","125,372","125,991","126,594","127,170","127,635","127,561","127,549","127,851"
ภาคกลาง,นครนายก,หญิง,"126,941","127,381","127,911","128,511","129,035","129,522","129,976","130,196","130,470","130,822"
ภาคกลาง,สระแก้ว,รวม,"541,939","543,276","544,848","546,969","549,640","551,562","553,126","555,053","557,374","559,641"
ภาคกลาง,สระแก้ว,ชาย,"273,024","273,450","274,006","274,929","276,199","277,128","277,813","278,559","279,535","280,535"
ภาคกลาง,สระแก้ว,หญิง,"268,915","269,826","270,842","272,040","273,441","274,434","275,313","276,494","277,839","279,106"
ภาคกลาง,ราชบุรี,รวม,"835,546","837,153","840,880","844,658","848,397","851,690","848,773","845,105","846,329","847,350"
ภาคกลาง,ราชบุรี,ชาย,"408,484","408,726","410,331","411,985","413,737","415,147","413,162","411,004","411,613","412,134"
ภาคกลาง,ราชบุรี,หญิง,"427,062","428,427","430,549","432,673","434,660","436,543","435,611","434,101","434,716","435,216"
ภาคกลาง,กาญจนบุรี,รวม,"837,165","836,600","839,345","838,591","840,575","845,540","827,932","808,669","810,876","815,178"
ภาคกลาง,กาญจนบุรี,ชาย,"421,453","420,559","421,972","421,124","421,454","423,787","414,756","404,831","405,750","407,843"
ภาคกลาง,กาญจนบุรี,หญิง,"415,712","416,041","417,373","417,467","419,121","421,753","413,176","403,838","405,126","407,335"
ภาคกลาง,สุพรรณบุรี,รวม,"844,545","845,220","845,452","846,181","847,687","848,559","848,401","847,132","848,136","847,992"
ภาคกลาง,สุพรรณบุรี,ชาย,"410,034","410,196","410,085","410,127","410,668","410,906","410,642","409,845","410,175","409,865"
ภาคกลาง,สุพรรณบุรี,หญิง,"434,511","435,024","435,367","436,054","437,019","437,653","437,759","437,287","437,961","438,127"
ภาคกลาง,นครปฐม,รวม,"847,513","855,837","863,155","870,340","878,400","886,628","891,912","895,068","900,090","905,125"
ภาคกลาง,นครปฐม,ชาย,"407,868","411,185","414,405","417,885","421,861","425,851","428,249","429,285","431,354","433,639"
ภาคกลาง,นครปฐม,หญิง,"439,645","444,652","448,750","452,455","456,539","460,777","463,663","465,783","468,736","471,486"
ภาคกลาง,สมุทรสาคร,รวม,"481,377","488,247","495,493","503,956","514,135","525,672","527,726","526,663","533,225","540,062"
ภาคกลาง,สมุทรสาคร,ชาย,"233,259","236,310","239,545","243,507","248,445","253,970","254,454","253,397","256,412","259,599"
ภาคกลาง,สมุทรสาคร,หญิง,"248,118","251,937","255,948","260,449","265,690","271,702","273,272","273,266","276,813","280,463"
ภาคกลาง,สมุทรสงคราม,รวม,"193,851","193,853","194,072","194,064","194,079","194,153","193,614","192,806","192,423","192,138"
ภาคกลาง,สมุทรสงคราม,ชาย,"93,268","93,305","93,354","93,260","93,256","93,306","93,015","92,563","92,330","92,117"
ภาคกลาง,สมุทรสงคราม,หญิง,"100,583","100,548","100,718","100,804","100,823","100,847","100,599","100,243","100,093","100,021"
ภาคกลาง,เพชรบุรี,รวม,"460,108","462,636","465,056","467,476","469,981","472,639","474,676","476,070","477,691","479,280"
ภาคกลาง,เพชรบุรี,ชาย,"222,943","224,162","225,372","226,489","227,575","228,782","229,601","230,172","230,987","231,848"
ภาคกลาง,เพชรบุรี,หญิง,"237,165","238,474","239,684","240,987","242,406","243,857","245,075","245,898","246,704","247,432"
ภาคกลาง,ประจวบคีรีขันธ์,รวม,"502,221","506,599","510,852","514,809","518,661","522,689","524,620","526,267","530,344","534,589"
ภาคกลาง,ประจวบคีรีขันธ์,ชาย,"252,264","254,342","256,007","257,257","258,388","259,635","259,675","259,712","261,441","263,485"
ภาคกลาง,ประจวบคีรีขันธ์,หญิง,"249,957","252,257","254,845","257,552","260,273","263,054","264,945","266,555","268,903","271,104"
ภาคเหนือ,ภาคเหนือ,รวม,"11,824,449","11,779,330","11,785,868","11,792,937","11,814,265","11,836,304","11,758,421","11,668,300","11,670,987","11,677,636"
ภาคเหนือ,ภาคเหนือ,ชาย,"5,838,491","5,809,449","5,810,010","5,810,057","5,816,458","5,823,825","5,780,040","5,729,752","5,726,655","5,725,140"
ภาคเหนือ,ภาคเหนือ,หญิง,"5,985,958","5,969,881","5,975,858","5,982,880","5,997,807","6,012,479","5,978,381","5,938,548","5,944,332","5,952,496"
ภาคเหนือ,เชียงใหม่,รวม,"1,651,433","1,636,514","1,643,312","1,650,893","1,661,265","1,672,586","1,638,981","1,602,699","1,610,419","1,620,100"
ภาคเหนือ,เชียงใหม่,ชาย,"808,636","799,202","801,853","804,772","809,240","814,190","795,640","775,599","778,314","782,154"
ภาคเหนือ,เชียงใหม่,หญิง,"842,797","837,312","841,459","846,121","852,025","858,396","843,341","827,100","832,105","837,946"
ภาคเหนือ,ลำพูน,รวม,"404,910","404,627","404,257","404,313","404,971","405,368","404,933","404,096","403,614","403,330"
ภาคเหนือ,ลำพูน,ชาย,"197,408","197,073","196,689","196,566","196,685","196,751","196,307","195,568","195,074","194,665"
ภาคเหนือ,ลำพูน,หญิง,"207,502","207,554","207,568","207,747","208,286","208,617","208,626","208,528","208,540","208,665"
ภาคเหนือ,ลำปาง,รวม,"766,057","763,224","759,742","757,173","755,837","753,937","751,371","748,013","745,121","742,078"
ภาคเหนือ,ลำปาง,ชาย,"377,818","376,117","374,223","372,930","372,013","370,544","368,745","366,603","364,785","362,858"
ภาคเหนือ,ลำปาง,หญิง,"388,239","387,107","385,519","384,243","383,824","383,393","382,626","381,410","380,336","379,220"
ภาคเหนือ,อุตรดิตถ์,รวม,"463,579","462,785","461,829","461,167","461,144","460,698","459,582","457,976","456,630","455,211"
ภาคเหนือ,อุตรดิตถ์,ชาย,"228,813","228,302","227,746","227,294","227,089","226,574","225,829","224,973","224,138","223,113"
ภาคเหนือ,อุตรดิตถ์,หญิง,"234,766","234,483","234,083","233,873","234,055","234,124","233,753","233,003","232,492","232,098"
ภาคเหนือ,แพร่,รวม,"462,784","461,423","459,753","458,178","456,841","455,079","452,958","450,565","448,160","445,766"
ภาคเหนือ,แพร่,ชาย,"225,984","225,072","224,067","223,030","222,115","221,047","219,741","218,359","217,006","215,628"
ภาคเหนือ,แพร่,หญิง,"236,800","236,351","235,686","235,148","234,726","234,032","233,217","232,206","231,154","230,138"
ภาคเหนือ,น่าน,รวม,"475,799","475,989","476,488","477,142","477,793","478,088","478,003","477,938","478,093","477,648"
ภาคเหนือ,น่าน,ชาย,"240,012","240,096","240,373","240,666","240,760","240,718","240,647","240,516","240,452","239,972"
ภาคเหนือ,น่าน,หญิง,"235,787","235,893","236,115","236,476","237,033","237,370","237,356","237,422","237,641","237,676"
ภาคเหนือ,พะเยา,รวม,"487,254","486,713","486,388","487,296","487,433","485,599","482,574","478,883","475,991","473,909"
ภาคเหนือ,พะเยา,ชาย,"239,303","238,663","238,352","238,496","238,319","237,331","235,762","234,034","232,628","231,532"
ภาคเหนือ,พะเยา,หญิง,"247,951","248,050","248,036","248,800","249,114","248,268","246,812","244,849","243,363","242,377"
ภาคเหนือ,เชียงราย,รวม,"1,211,126","1,196,576","1,198,438","1,199,539","1,202,542","1,206,179","1,183,878","1,162,097","1,166,461","1,170,232"
ภาคเหนือ,เชียงราย,ชาย,"597,813","589,370","589,825","590,102","591,240","592,713","581,846","571,020","572,662","573,883"
ภาคเหนือ,เชียงราย,หญิง,"613,313","607,206","608,613","609,437","611,302","613,466","602,032","591,077","593,799","596,349"
ภาคเหนือ,แม่ฮ่องสอน,รวม,"247,270","242,295","243,395","244,202","245,453","247,364","239,299","231,192","233,632","237,436"
ภาคเหนือ,แม่ฮ่องสอน,ชาย,"127,391","124,403","124,917","125,201","125,676","126,522","122,296","118,069","119,181","121,014"
ภาคเหนือ,แม่ฮ่องสอน,หญิง,"119,879","117,892","118,478","119,001","119,777","120,842","117,003","113,123","114,451","116,422"
ภาคเหนือ,นครสวรรค์,รวม,"1,073,554","1,073,182","1,072,591","1,072,516","1,073,245","1,072,949","1,071,467","1,067,431","1,064,055","1,062,699"
ภาคเหนือ,นครสวรรค์,ชาย,"526,295","525,873","525,334","525,187","525,460","525,249","524,389","521,971","519,880","519,180"
ภาคเหนือ,นครสวรรค์,หญิง,"547,259","547,309","547,257","547,329","547,785","547,700","547,078","545,460","544,175","543,519"
ภาคเหนือ,อุทัยธานี,รวม,"327,729","327,916","327,997","328,492","329,242","329,858","330,311","330,148","329,666","329,205"
ภาคเหนือ,อุทัยธานี,ชาย,"161,537","161,471","161,354","161,534","161,876","162,141","162,300","162,167","161,769","161,300"
ภาคเหนือ,อุทัยธานี,หญิง,"166,192","166,445","166,643","166,958","167,366","167,717","168,011","167,981","167,897","167,905"
ภาคเหนือ,กำแพงเพชร,รวม,"726,530","726,970","726,551","726,782","728,093","729,076","729,296","728,718","728,058","726,994"
ภาคเหนือ,กำแพงเพชร,ชาย,"361,662","361,734","361,291","361,209","361,689","362,042","362,001","361,549","361,074","360,218"
ภาคเหนือ,กำแพงเพชร,หญิง,"364,868","365,236","365,260","365,573","366,404","367,034","367,295","367,169","366,984","366,776"
ภาคเหนือ,ตาก,รวม,"528,997","522,673","528,351","528,531","529,199","535,953","531,549","526,558","532,237","537,702"
ภาคเหนือ,ตาก,ชาย,"269,050","265,058","267,967","267,431","267,117","270,503","267,904","265,118","267,953","270,499"
ภาคเหนือ,ตาก,หญิง,"259,947","257,615","260,384","261,100","262,082","265,450","263,645","261,440","264,284","267,203"
ภาคเหนือ,สุโขทัย,รวม,"603,316","602,296","601,642","602,053","602,657","602,587","601,791","600,362","599,140","597,639"
ภาคเหนือ,สุโขทัย,ชาย,"294,467","294,103","293,777","293,807","293,962","293,860","293,306","292,395","291,617","290,510"
ภาคเหนือ,สุโขทัย,หญิง,"308,849","308,193","307,865","308,246","308,695","308,727","308,485","307,967","307,523","307,129"
ภาคเหนือ,พิษณุโลก,รวม,"844,779","847,627","850,525","852,864","855,374","857,682","860,559","863,299","864,208","864,644"
ภาคเหนือ,พิษณุโลก,ชาย,"415,350","416,443","417,811","419,077","420,272","421,145","421,955","422,737","423,138","423,403"
ภาคเหนือ,พิษณุโลก,หญิง,"429,429","431,184","432,714","433,787","435,102","436,537","438,604","440,562","441,070","441,241"
ภาคเหนือ,พิจิตร,รวม,"553,653","552,942","551,189","549,541","549,126","548,199","546,486","544,183","542,110","540,019"
ภาคเหนือ,พิจิตร,ชาย,"271,335","271,012","270,145","269,265","268,990","268,444","267,563","266,371","265,209","263,918"
ภาคเหนือ,พิจิตร,หญิง,"282,318","281,930","281,044","280,276","280,136","279,755","278,923","277,812","276,901","276,101"
ภาคเหนือ,เพชรบูรณ์,รวม,"995,679","995,578","993,420","992,255","994,050","995,102","995,383","994,142","993,392","993,024"
ภาคเหนือ,เพชรบูรณ์,ชาย,"495,617","495,457","494,286","493,490","493,955","494,051","493,809","492,703","491,775","491,293"
ภาคเหนือ,เพชรบูรณ์,หญิง,"500,062","500,121","499,134","498,765","500,095","501,051","501,574","501,439","501,617","501,731"
ภาคตะวันออกเฉียงเหนือ,ภาคตะวันออกเฉียงเหนือ,รวม,"21,469,269","21,534,582","21,783,428","21,641,689","21,736,455","21,810,332","21,861,423","21,891,425","21,925,925","21,958,131"
ภาคตะวันออกเฉียงเหนือ,ภาคตะวันออกเฉียงเหนือ,ชาย,"10,716,985","10,748,199","10,870,556","10,795,068","10,839,035","10,872,126","10,891,462","10,898,130","10,907,618","10,914,372"
ภาคตะวันออกเฉียงเหนือ,ภาคตะวันออกเฉียงเหนือ,หญิง,"10,752,284","10,786,383","10,912,872","10,846,621","10,897,420","10,938,206","10,969,961","10,993,295","11,018,307","11,043,759"
ภาคตะวันออกเฉียงเหนือ,นครราชสีมา,รวม,"2,568,205","2,576,691","2,583,707","2,593,246","2,605,666","2,615,341","2,623,008","2,626,690","2,631,594","2,638,687"
ภาคตะวันออกเฉียงเหนือ,นครราชสีมา,ชาย,"1,271,075","1,274,799","1,277,830","1,282,246","1,288,013","1,292,424","1,295,595","1,296,014","1,297,378","1,300,167"
ภาคตะวันออกเฉียงเหนือ,นครราชสีมา,หญิง,"1,297,130","1,301,892","1,305,877","1,311,000","1,317,653","1,322,917","1,327,413","1,330,676","1,334,216","1,338,520"
ภาคตะวันออกเฉียงเหนือ,บุรีรัมย์,รวม,"1,544,218","1,550,275","1,556,426","1,562,912","1,570,090","1,576,343","1,581,198","1,584,745","1,588,282","1,591,632"
ภาคตะวันออกเฉียงเหนือ,บุรีรัมย์,ชาย,"771,024","774,072","776,913","779,954","783,533","786,533","788,554","789,844","791,122","791,994"
ภาคตะวันออกเฉียงเหนือ,บุรีรัมย์,หญิง,"773,194","776,203","779,513","782,958","786,557","789,810","792,644","794,901","797,160","799,638"
ภาคตะวันออกเฉียงเหนือ,สุรินทร์,รวม,"1,376,694","1,379,794","1,381,081","1,383,338","1,387,235","1,389,915","1,392,834","1,394,263","1,395,250","1,396,289"
ภาคตะวันออกเฉียงเหนือ,สุรินทร์,ชาย,"688,724","690,365","691,035","692,033","693,728","694,864","696,265","696,564","696,452","696,459"
ภาคตะวันออกเฉียงเหนือ,สุรินทร์,หญิง,"687,970","689,429","690,046","691,305","693,507","695,051","696,569","697,699","698,798","699,830"
ภาคตะวันออกเฉียงเหนือ,ศรีสะเกษ,รวม,"1,443,879","1,449,409","1,452,338","1,455,287","1,460,199","1,463,620","1,466,496","1,468,546","1,470,137","1,471,434"
ภาคตะวันออกเฉียงเหนือ,ศรีสะเกษ,ชาย,"721,468","724,535","726,223","727,685","730,113","731,658","732,699","733,507","734,020","734,071"
ภาคตะวันออกเฉียงเหนือ,ศรีสะเกษ,หญิง,"722,411","724,874","726,115","727,602","730,086","731,962","733,797","735,039","736,117","737,363"
ภาคตะวันออกเฉียงเหนือ,อุบลราชธานี,รวม,"1,799,604","1,808,422","1,814,573","1,821,489","1,831,721","1,840,596","1,847,319","1,852,718","1,858,789","1,864,544"
ภาคตะวันออกเฉียงเหนือ,อุบลราชธานี,ชาย,"902,325","907,052","910,253","913,853","919,090","923,502","926,468","928,685","931,333","933,642"
ภาคตะวันออกเฉียงเหนือ,อุบลราชธานี,หญิง,"897,279","901,370","904,320","907,636","912,631","917,094","920,851","924,033","927,456","930,902"
ภาคตะวันออกเฉียงเหนือ,ยโสธร,รวม,"539,210","539,196","539,055","539,560","540,326","540,297","540,071","539,742","539,406","538,837"
ภาคตะวันออกเฉียงเหนือ,ยโสธร,ชาย,"270,768","270,708","270,494","270,640","271,028","271,122","271,071","270,794","270,435","269,896"
ภาคตะวันออกเฉียงเหนือ,ยโสธร,หญิง,"268,442","268,488","268,561","268,920","269,298","269,175","269,000","268,948","268,971","268,941"
ภาคตะวันออกเฉียงเหนือ,ชัยภูมิ,รวม,"1,123,907","1,126,295","1,127,423","1,130,228","1,134,379","1,136,386","1,137,238","1,137,376","1,137,873","1,138,091"
ภาคตะวันออกเฉียงเหนือ,ชัยภูมิ,ชาย,"559,860","560,784","560,909","561,997","564,037","564,981","565,173","564,757","564,490","563,910"
ภาคตะวันออกเฉียงเหนือ,ชัยภูมิ,หญิง,"564,047","565,511","566,514","568,231","570,342","571,405","572,065","572,619","573,383","574,181"
ภาคตะวันออกเฉียงเหนือ,อำนาจเจริญ,รวม,"370,141","371,471","372,190","372,868","374,096","375,039","375,500","375,987","376,839","377,581"
ภาคตะวันออกเฉียงเหนือ,อำนาจเจริญ,ชาย,"185,533","186,230","186,522","186,754","187,275","187,631","187,764","187,917","188,224","188,414"
ภาคตะวันออกเฉียงเหนือ,อำนาจเจริญ,หญิง,"184,608","185,241","185,668","186,114","186,821","187,408","187,736","188,070","188,615","189,167"
ภาคตะวันออกเฉียงเหนือ,บึงกาฬ,รวม,,,407634,"410,124","414,425","417,401","419,328","420,571","421,741","422,859"
ภาคตะวันออกเฉียงเหนือ,บึงกาฬ,ชาย,,,205647,"206,790","208,881","210,426","211,429","211,985","212,311","212,538"
ภาคตะวันออกเฉียงเหนือ,บึงกาฬ,หญิง,,,201987,"203,334","205,544","206,975","207,899","208,586","209,430","210,321"
ภาคตะวันออกเฉียงเหนือ,หนองบัวลำภู,รวม,"500,217","501,891","502,710","503,811","506,104","508,001","509,283","510,013","510,761","511,407"
ภาคตะวันออกเฉียงเหนือ,หนองบัวลำภู,ชาย,"251,774","252,561","252,750","253,123","254,257","255,136","255,550","255,603","255,646","255,621"
ภาคตะวันออกเฉียงเหนือ,หนองบัวลำภู,หญิง,"248,443","249,330","249,960","250,688","251,847","252,865","253,733","254,410","255,115","255,786"
ภาคตะวันออกเฉียงเหนือ,ขอนแก่น,รวม,"1,759,172","1,764,922","1,766,834","1,770,441","1,778,236","1,785,852","1,792,717","1,797,236","1,801,037","1,802,880"
ภาคตะวันออกเฉียงเหนือ,ขอนแก่น,ชาย,"872,391","874,994","875,633","877,186","880,476","883,206","885,746","886,957","887,823","887,837"
ภาคตะวันออกเฉียงเหนือ,ขอนแก่น,หญิง,"886,781","889,928","891,201","893,255","897,760","902,646","906,971","910,279","913,214","915,043"
ภาคตะวันออกเฉียงเหนือ,อุดรธานี,รวม,"1,537,285","1,541,863","1,546,447","1,552,703","1,560,631","1,567,132","1,570,352","1,571,882","1,575,173","1,578,403"
ภาคตะวันออกเฉียงเหนือ,อุดรธานี,ชาย,"768,785","770,609","772,365","775,070","778,838","781,765","782,471","782,313","783,290","784,056"
ภาคตะวันออกเฉียงเหนือ,อุดรธานี,หญิง,"768,500","771,254","774,082","777,633","781,793","785,367","787,881","789,569","791,883","794,347"
ภาคตะวันออกเฉียงเหนือ,เลย,รวม,"619,602","622,424","624,493","627,354","630,997","633,359","634,675","635,341","636,772","638,250"
ภาคตะวันออกเฉียงเหนือ,เลย,ชาย,"313,479","314,759","315,509","316,688","318,344","319,397","320,026","320,225","320,710","321,202"
ภาคตะวันออกเฉียงเหนือ,เลย,หญิง,"306,123","307,665","308,984","310,666","312,653","313,962","314,649","315,116","316,062","317,048"
ภาคตะวันออกเฉียงเหนือ,หนองคาย,รวม,"907,064","910,094","711,404","511,155","513,691","516,102","516,374","515,845","516,746","517,343"
ภาคตะวันออกเฉียงเหนือ,หนองคาย,ชาย,"456,102","457,513","357,074","255,814","256,988","258,121","258,105","257,640","257,782","257,720"
ภาคตะวันออกเฉียงเหนือ,หนองคาย,หญิง,"450,962","452,581","354,330","255,341","256,703","257,981","258,269","258,205","258,964","259,623"
ภาคตะวันออกเฉียงเหนือ,มหาสารคาม,รวม,"937,972","940,001","940,324","942,442","950,397","958,116","962,357","963,557","962,750","962,473"
ภาคตะวันออกเฉียงเหนือ,มหาสารคาม,ชาย,"465,171","466,158","466,160","466,649","469,169","471,662","472,929","473,003","472,554","472,292"
ภาคตะวันออกเฉียงเหนือ,มหาสารคาม,หญิง,"472,801","473,843","474,164","475,793","481,228","486,454","489,428","490,554","490,196","490,181"
ภาคตะวันออกเฉียงเหนือ,ร้อยเอ็ด,รวม,"1,307,686","1,308,934","1,307,384","1,306,814","1,308,765","1,308,638","1,307,826","1,307,198","1,306,993","1,306,530"
ภาคตะวันออกเฉียงเหนือ,ร้อยเอ็ด,ชาย,"653,108","653,628","652,479","651,776","652,774","652,832","652,100","651,327","650,881","650,080"
ภาคตะวันออกเฉียงเหนือ,ร้อยเอ็ด,หญิง,"654,578","655,306","654,905","655,038","655,991","655,806","655,726","655,871","656,112","656,450"
ภาคตะวันออกเฉียงเหนือ,กาฬสินธุ์,รวม,"979,371","981,369","982,117","983,370","984,557","984,469","984,750","984,579","984,914","984,901"
ภาคตะวันออกเฉียงเหนือ,กาฬสินธุ์,ชาย,"488,319","488,935","489,259","489,850","490,346","490,329","490,103","489,384","489,193","488,715"
ภาคตะวันออกเฉียงเหนือ,กาฬสินธุ์,หญิง,"491,052","492,434","492,858","493,520","494,211","494,140","494,647","495,195","495,721","496,186"
ภาคตะวันออกเฉียงเหนือ,สกลนคร,รวม,"1,117,242","1,120,678","1,123,129","1,126,263","1,131,749","1,136,466","1,140,272","1,143,514","1,146,831","1,149,943"
ภาคตะวันออกเฉียงเหนือ,สกลนคร,ชาย,"558,593","560,326","561,518","562,875","565,531","567,914","569,671","570,933","572,154","573,174"
ภาคตะวันออกเฉียงเหนือ,สกลนคร,หญิง,"558,649","560,352","561,611","563,388","566,218","568,552","570,601","572,581","574,677","576,769"
ภาคตะวันออกเฉียงเหนือ,นครพนม,รวม,"700,027","702,041","704,080","706,559","709,605","712,100","713,546","714,504","715,833","716,782"
ภาคตะวันออกเฉียงเหนือ,นครพนม,ชาย,"349,112","350,264","351,412","352,704","354,268","355,526","356,195","356,696","357,347","357,715"
ภาคตะวันออกเฉียงเหนือ,นครพนม,หญิง,"350,915","351,777","352,668","353,855","355,337","356,574","357,351","357,808","358,486","359,067"
ภาคตะวันออกเฉียงเหนือ,มุกดาหาร,รวม,"337,773","338,812","340,079","341,725","343,586","345,159","346,279","347,118","348,204","349,265"
ภาคตะวันออกเฉียงเหนือ,มุกดาหาร,ชาย,"169,374","169,907","170,571","171,381","172,346","173,097","173,548","173,982","174,473","174,869"
ภาคตะวันออกเฉียงเหนือ,มุกดาหาร,หญิง,"168,399","168,905","169,508","170,344","171,240","172,062","172,731","173,136","173,731","174,396"
ภาคใต้,ภาคใต้,รวม,"8,777,720","8,853,473","8,932,459","9,016,021","9,095,789","9,169,962","9,225,013","9,264,605","9,314,537","9,366,264"
ภาคใต้,ภาคใต้,ชาย,"4,339,804","4,374,329","4,410,651","4,449,684","4,486,711","4,521,852","4,547,514","4,564,425","4,587,065","4,611,001"
ภาคใต้,ภาคใต้,หญิง,"4,437,916","4,479,144","4,521,808","4,566,337","4,609,078","4,648,110","4,677,499","4,700,180","4,727,472","4,755,263"
ภาคใต้,นครศรีธรรมราช,รวม,"1,514,832","1,519,531","1,524,317","1,530,479","1,538,365","1,544,935","1,549,163","1,551,148","1,553,363","1,556,075"
ภาคใต้,นครศรีธรรมราช,ชาย,"752,512","754,399","756,376","759,073","762,404","765,283","767,221","768,088","769,008","769,722"
ภาคใต้,นครศรีธรรมราช,หญิง,"762,320","765,132","767,941","771,406","775,961","779,652","781,942","783,060","784,355","786,353"
ภาคใต้,กระบี่,รวม,"422,631","429,631","435,372","441,503","447,929","453,850","458,768","462,532","466,165","469,847"
ภาคใต้,กระบี่,ชาย,"211,646","214,929","217,551","220,307","223,263","226,015","228,303","229,899","231,537","233,449"
ภาคใต้,กระบี่,หญิง,"210,985","214,702","217,821","221,196","224,666","227,835","230,465","232,633","234,628","236,398"
ภาคใต้,พังงา,รวม,"250,796","252,385","254,022","256,212","258,437","260,395","261,267","261,669","262,920","263,919"
ภาคใต้,พังงา,ชาย,"125,847","126,606","127,311","128,262","129,301","130,188","130,500","130,561","131,051","131,588"
ภาคใต้,พังงา,หญิง,"124,949","125,779","126,711","127,950","129,136","130,207","130,767","131,108","131,869","132,331"
ภาคใต้,ภูเก็ต,รวม,"331,460","340,490","349,457","357,376","365,214","373,943","378,353","381,544","388,241","395,424"
ภาคใต้,ภูเก็ต,ชาย,"157,541","161,604","165,526","169,068","172,797","177,024","178,901","180,007","183,015","186,286"
ภาคใต้,ภูเก็ต,หญิง,"173,919","178,886","183,931","188,308","192,417","196,919","199,452","201,537","205,226","209,138"
ภาคใต้,สุราษฎร์ธานี,รวม,"988,854","997,302","1,006,224","1,017,676","1,027,550","1,036,021","1,041,388","1,044,203","1,048,685","1,053,944"
ภาคใต้,สุราษฎร์ธานี,ชาย,"489,912","493,597","497,473","502,838","507,752","512,057","514,522","515,488","517,391","519,672"
ภาคใต้,สุราษฎร์ธานี,หญิง,"498,942","503,705","508,751","514,838","519,798","523,964","526,866","528,715","531,294","534,272"
ภาคใต้,ระนอง,รวม,"182,242","182,417","183,464","183,248","178,712","175,932","175,719","175,121","176,278","177,001"
ภาคใต้,ระนอง,ชาย,"94,890","94,780","95,205","94,738","91,376","89,122","88,865","88,477","89,037","89,348"
ภาคใต้,ระนอง,หญิง,"87,352","87,637","88,259","88,510","87,336","86,810","86,854","86,644","87,241","87,653"
ภาคใต้,ชุมพร,รวม,"486,233","488,855","491,073","493,746","496,802","499,434","501,376","502,866","504,485","505,994"
ภาคใต้,ชุมพร,ชาย,"242,358","243,255","244,068","245,257","246,696","247,893","248,718","249,310","249,898","250,440"
ภาคใต้,ชุมพร,หญิง,"243,875","245,600","247,005","248,489","250,106","251,541","252,658","253,556","254,587","255,554"
ภาคใต้,สงขลา,รวม,"1,339,861","1,350,489","1,362,017","1,372,792","1,384,233","1,395,597","1,402,158","1,406,087","1,412,116","1,418,792"
ภาคใต้,สงขลา,ชาย,"654,319","659,294","664,863","670,012","675,616","681,340","684,272","685,715","688,465","691,617"
ภาคใต้,สงขลา,หญิง,"685,542","691,195","697,154","702,780","708,617","714,257","717,886","720,372","723,651","727,175"
ภาคใต้,สตูล,รวม,"290,755","295,133","299,315","303,674","307,836","311,233","314,099","316,340","318,183","320,137"
ภาคใต้,สตูล,ชาย,"145,057","147,284","149,294","151,370","153,302","154,879","156,307","157,338","158,100","159,023"
ภาคใต้,สตูล,หญิง,"145,698","147,849","150,021","152,304","154,534","156,354","157,792","159,002","160,083","161,114"
ภาคใต้,ตรัง,รวม,"616,773","620,668","624,684","629,314","633,980","637,394","639,221","640,105","641,152","641,755"
ภาคใต้,ตรัง,ชาย,"303,252","304,917","306,550","308,575","310,712","312,253","313,046","313,423","313,865","314,099"
ภาคใต้,ตรัง,หญิง,"313,521","315,751","318,134","320,739","323,268","325,141","326,175","326,682","327,287","327,656"
ภาคใต้,พัทลุง,รวม,"506,454","508,656","510,299","512,777","516,257","519,220","521,420","522,912","523,967","524,618"
ภาคใต้,พัทลุง,ชาย,"248,585","249,481","250,036","250,965","252,457","253,818","254,781","255,269","255,577","255,717"
ภาคใต้,พัทลุง,หญิง,"257,869","259,175","260,263","261,812","263,800","265,402","266,639","267,643","268,390","268,901"
ภาคใต้,ปัตตานี,รวม,"644,897","651,442","659,373","667,550","675,227","682,512","689,414","696,068","703,847","712,310"
ภาคใต้,ปัตตานี,ชาย,"318,264","321,558","325,603","329,870","333,904","337,785","341,462","344,727","348,418","352,508"
ภาคใต้,ปัตตานี,หญิง,"326,633","329,884","333,770","337,680","341,323","344,727","347,952","351,341","355,429","359,802"
ภาคใต้,ยะลา,รวม,"477,931","483,857","490,574","497,290","503,476","509,024","514,348","518,859","523,402","528,350"
ภาคใต้,ยะลา,ชาย,"237,197","239,992","243,336","246,670","249,730","252,539","255,211","257,550","260,023","262,738"
ภาคใต้,ยะลา,หญิง,"240,734","243,865","247,238","250,620","253,746","256,485","259,137","261,309","263,379","265,612"
ภาคใต้,นราธิวาส,รวม,"724,001","732,617","742,268","752,384","761,771","770,472","778,319","785,151","791,733","798,098"
ภาคใต้,นราธิวาส,ชาย,"358,424","362,633","367,459","372,679","377,401","381,656","385,405","388,573","391,680","394,794"
ภาคใต้,นราธิวาส,หญิง,"365,577","369,984","374,809","379,705","384,370","388,816","392,914","396,578","400,053","403,304"
,,,,,,,,,,,,
ที่มา: สำนักงานปลัดกระทรวงสาธารณสุข กระทรวงสาธารณสุข ,,,,,,,,,,,,
